entity_id,name,phone,email,address,description,responsible_entity_type
KyivVoda_General_1581,"ПрАТ «АК «Київводоканал» (Аварійна лінія)",15-81,contact@vodokanal.kiev.ua,"м. Київ, вул. Еспланадна, 3А","Аварійна служба водопостачання та каналізації міста Києва (зовнішні мережі, колектори).",MunicipalUtility_Water
KyivVoda_Dispatch,"ПрАТ «АК «Київводоканал» (Диспетчерська)",(044) 200-73-01,contact@vodokanal.kiev.ua,"м. Київ, вул. Еспланадна, 3А","Диспетчерська служба водопостачання та каналізації міста Києва.",MunicipalUtility_Water
KyivEnergo_General,"Київенерго (ДТЕК)",0800-501-588,info@dtek-kyivskie-elektroseti.com.ua,"м. Київ, вул. Жилянська, 108","Постачання електроенергії споживачам Києва, обслуговування електромереж.",MunicipalUtility_Electricity
KyivGas_General,"Київгаз (Аварійна служба)",104,callcenter@kyivgaz.ua,"м. Київ, вул. Кіквідзе, 4","Аварійна служба газопостачання, витік газу.",MunicipalUtility_GasService
KyivHeat_General,"Київтеплоенерго (ЦКС)",(044) 247-40-40,info@kte.kmda.gov.ua,"м. Київ, просп. Науки, 11","Постачання теплової енергії та гарячої води, обслуговування тепломереж.",MunicipalUtility_HeatProvider
KyivAvtodor_General,"КК «Київавтодор»",(044) 280-57-56,info@kyivavtodor.kyivcity.gov.ua,"м. Київ, вул. Комінтерну, 11","Утримання доріг, мостів, вуличного освітлення, прибирання снігу на дорогах міста.",MunicipalUtility_Roads
KS_Svyatoshin_1,"Керуюча компанія Святошинського району",(067) 521-19-04,kk_svyatoshin@kyivcity.gov.ua,"м. Київ, вул. Симиренка, 17","Обслуговування житлового фонду Святошинського району.",ManagementCompany/OSBB
KS_Solomianka_1,"Керуюча компанія Солом'янського району",(067) 521-19-04,info@kpsolor.com.ua,"м. Київ, вул. Левка Мацієвича, 6","Обслуговування житлового фонду Солом'янського району.",ManagementCompany/OSBB
KS_Darnitsa_1,"Керуюча компанія Дарницького району",(044) 564-90-20,kkdarn@ukr.net,"м. Київ, вул. Заслонова, 2","Обслуговування житлового фонду Дарницького району.",ManagementCompany/OSBB
KS_Dnipro_1,"Керуюча компанія Дніпровського району",(044) 290-93-85,kpdnipro@ukr.net,"м. Київ, вул. Червоноткацька, 18А","Обслуговування житлового фонду Дніпровського району.",ManagementCompany/OSBB
KS_Pechersk_1,"Керуюча компанія Печерського району",(044) 280-77-90,info@kkpr.com.ua,"м. Київ, вул. Михайла Омеляновича-Павленка, 11","Обслуговування житлового фонду Печерського району.",ManagementCompany/OSBB
KyivZelenBud_General,"КО «Київзеленбуд»",(044) 272-40-18,info@kievzelenbud.com.ua,"м. Київ, вул. Кудрявська, 23","Утримання парків, скверів, повалені дерева, аварійні гілки по місту.",MunicipalUtility_GreeneryService
KyivTransPark_General,"КП «Київтранспарксервіс»",(044) 458-34-92,info@ktps.kyiv.ua,"м. Київ, вул. Чистяківська, 6А","Парковки, евакуація автомобілів, обслуговування паркоматів.",MunicipalUtility_TrafficMgmt
KyivMetropoliten_General,"КП «Київський метрополітен»",(044) 238-44-24,info@metro.kyiv.ua,"м. Київ, просп. Перемоги, 35","Обслуговування інфраструктури метрополітену.",MunicipalUtility_Transport
CKS_General,"Центр комунального сервісу (ЦКС)",(044) 247-40-40,support@cks.com.ua,"м. Київ, просп. Науки, 11","Єдине вікно для подання показників лічильників, оплати послуг, консультацій.",CustomerService_Center
OSBB_Hrekova3_1,"ОСББ Наш Дім Грекова 3",(044) 111-11-11,osbb@example.com,"м. Київ, вул. Грекова, 3","Обслуговує будинок за адресою: м. Київ, вул. Грекова, 3",ManagementCompany/OSBB
OSBB_Bazhana28A,"ОСББ Сонячний",(093) 123-45-67,osbb2@example.com,"м. Київ, просп. Миколи Бажана, 28-А","Обслуговує будинок за адресою: м. Київ, просп. Миколи Бажана, 28-А",ManagementCompany/OSBB
ZhBK_Ozerne9G,"ЖБК Озерний",(096) 987-65-43,zhbk@example.com,"м. Київ, вул. Лайоша Гавро, 9-Г","Обслуговує будинок за адресою: м. Київ, вул. Лайоша Гавро, 9-Г",ManagementCompany/OSBB
OSBB_Grishka8B,"ОСББ Мій дім",(044) 567-89-01,osbb3@example.com,"м. Київ, вул. Михайла Гришка, 8-Б","Обслуговує будинок за адресою: м. Київ, вул. Михайла Гришка, 8-Б",ManagementCompany/OSBB
OSBB_Khreschatyk27B,"ОСББ Капітолій",(044) 235-20-17,osbb4@example.com,"м. Київ, вул. Хрещатик, 27-Б","Обслуговує будинок за адресою: м. Київ, вул. Хрещатик, 27-Б",ManagementCompany/OSBB
KyivEcology_General,"Департамент екології та природних ресурсів КМДА",(044) 207-07-79,ecology@kyivcity.gov.ua,"м. Київ, вул. Хрещатик, 36","Контроль за станом навколишнього середовища, незаконні звалища на території міста.",MunicipalUtility_HousingDept
VetMed_Kyiv,"Київська міська лікарня ветеринарної медицини",(044) 426-38-15,vet@kyivcity.gov.ua,"м. Київ, вул. Ярославська, 13","Контроль за тваринами, притулок.",Control_Animals
Police_Kyiv,"Національна поліція України (Київ)",102,pressa@kyiv.police.gov.ua,"м. Київ, вул. Володимирська, 15","Реагування на правопорушення, шум у нічний час.",Police_Service
KyivParking_General,"КП «Київтранспарксервіс»",(044) 366-66-84,parkservice@kyiv.ua,"м. Київ, вул. Івана Франка, 29Б","Паркування, штрафи, евакуація.",MunicipalUtility_TrafficMgmt
KyivWaste_General,"КП «Київкомунсервіс»",(044) 594-77-15,info@kks.kyiv.ua,"м. Київ, вул. Кудрявська, 23","Вивіз побутових відходів, обслуговування контейнерів.",MunicipalUtility_WasteCollector
KyivCityAdmin_1551,"Контактний центр міста Києва 1551",15-51,contact@1551.gov.ua,"м. Київ, вул. Хрещатик, 36","Єдиний центр для прийому скарг та звернень громадян з усіх комунальних питань міста.",CustomerService_Center
KS_Podil_1,"Керуюча компанія Подільського району",(044) 425-01-05,info@kppodil.kiev.ua,"м. Київ, вул. Костянтинівська, 14/8","Обслуговування житлового фонду Подільського району.",ManagementCompany/OSBB
KS_Obolon_1,"Керуюча компанія Оболонського району",(044) 419-75-92,kkobolon@ukr.net,"м. Київ, вул. Героїв Сталінграда, 14-Б","Обслуговування житлового фонду Оболонського району.",ManagementCompany/OSBB
KS_Holos_1,"Керуюча компанія Голосіївського району",(044) 277-21-20,kgolosiivska@ukr.net,"м. Київ, вул. Голосіївська, 17А","Обслуговування житлового фонду Голосіївського району.",ManagementCompany/OSBB
KS_Desny_1,"Керуюча компанія Деснянського району",(044) 515-99-90,desnjanskazek@ukr.net,"м. Київ, вул. Закревського, 15А","Обслуговування житлового фонду Деснянського району.",ManagementCompany/OSBB
KS_Shevch_1,"Керуюча компанія Шевченківського району",(044) 489-01-00,shevchenkivska@ukr.net,"м. Київ, вул. Дегтярівська, 37","Обслуговування житлового фонду Шевченківського району.",ManagementCompany/OSBB
KyivSvetlofor_General,"КП «Київсвітло»",(044) 366-80-08,info@kyivsvitlo.kiev.ua,"м. Київ, просп. Перемоги, 9А","Обслуговування світлофорів та дорожніх знаків міста.",MunicipalUtility_TrafficMgmt
KyivPark_General,"КП «Київський міський центр розвитку ринкових відносин»",(044) 458-34-92,info@kievparkservice.com.ua,"м. Київ, вул. Володимирська, 58","Управління парками та скверами, обслуговування лавок/урн у парках.",MunicipalUtility_GreeneryService
KyivHousingDept_General,"Департамент Житлово-комунальної інфраструктури КМДА",(044) 235-46-91,dzki@kyivcity.gov.ua,"м. Київ, вул. Велика Васильківська, 58","Головний орган управління ЖКГ у місті, відповідає за загальний стан інфраструктури.",MunicipalUtility_HousingDept
KyivArchitecture_General,"Департамент містобудування та архітектури КМДА",(044) 299-44-88,info@kga.gov.ua,"м. Київ, вул. Хрещатик, 32","Незаконне будівництво, планування міста.",MunicipalUtility_ArchitectureDept
KyivTrade_General,"Департамент промисловості та розвитку підприємництва КМДА",(044) 235-98-64,dprp@kyivcity.gov.ua,"м. Київ, вул. Хрещатик, 36","Несанкціонована реклама/графіті.",MunicipalUtility_HousingDept
KyivBuildingControl_General,"Державна архітектурно-будівельна інспекція України",(044) 291-66-88,dabi@dabi.gov.ua,"м. Київ, бульв. Лесі Українки, 26","Контроль за будівництвом та архітектурою.",MunicipalUtility_ArchitectureDept
KyivEkoBezpeka_General,"КП «Київблагоустрій»",(044) 489-70-13,kievblago@ukr.net,"м. Київ, вул. Софійська, 20/21","Благоустрій міста, контроль за МАФами.",MunicipalUtility_HousingDept
KyivCityStateAdmin,"Київська міська державна адміністрація (КМДА)",(044) 202-76-00,info@kyivcity.gov.ua,"м. Київ, вул. Хрещатик, 36","Загальне управління містом, вищий рівень ієрархії.",MunicipalUtility_HousingDept
KyivEnergo_ServiceCenter1,"Центр обслуговування споживачів ДТЕК-1",(044) 202-00-11,service@dtek.com,"м. Київ, вул. Жилянська, 35","Обслуговування споживачів електроенергії.",CustomerService_Center
KyivVoda_ServiceCenter1,"Центр обслуговування споживачів Київводоканал-1",(044) 200-73-01,service@vodokanal.kiev.ua,"м. Київ, вул. Ревуцького, 5А","Обслуговування споживачів води.",CustomerService_Center
KyivHeat_ServiceCenter1,"Центр обслуговування споживачів Київтеплоенерго-1",(044) 247-40-40,service@kte.com,"м. Київ, бульв. Івана Лепсе, 21","Обслуговування споживачів тепла та гарячої води.",CustomerService_Center
KyivGas_ServiceCenter1,"Центр обслуговування споживачів Київгаз-1",(044) 495-04-04,service@kyivgaz.ua,"м. Київ, вул. Михайла Василенка, 11","Обслуговування споживачів газу.",CustomerService_Center
KyivWaste_ServiceCenter1,"Центр обслуговування споживачів Київкомунсервіс-1",(044) 594-77-15,service@kks.com.ua,"м. Київ, вул. Кудрявська, 23","Обслуговування споживачів поводження з відходами.",CustomerService_Center
KyivZoo_General,"Київський зоопарк загальнодержавного значення",(044) 367-74-70,zoo@kyivcity.gov.ua,"м. Київ, просп. Перемоги, 32","Довідкова інформація про зоопарк.",Other_Info
KyivCinema_General,"Кінотеатр «Київ»",(044) 287-11-31,cinema@kyivcity.gov.ua,"м. Київ, вул. Велика Васильківська, 19","Інформація про кінотеатр.",Other_Info
KyivLibrary_General,"Національна бібліотека України ім. В.І. Вернадського",(044) 524-81-37,info@nbuv.gov.ua,"м. Київ, просп. Голосіївський, 3","Інформація про бібліотеку.",Other_Info
KyivMuseum_General,"Національний музей історії України",(044) 278-48-64,info@nmiu.org.ua,"м. Київ, вул. Володимирська, 2","Інформація про музей.",Other_Info
KyivTheater_General,"Національний академічний театр опери та балету України",(044) 235-26-06,info@opera.com.ua,"м. Київ, вул. Володимирська, 50","Інформація про театр.",Other_Info
KyivSports_General,"НСК «Олімпійський»",(044) 590-66-88,info@nsc-olympic.com,"м. Київ, вул. Велика Васильківська, 55","Інформація про стадіон.",Other_Info
KyivTransport_General,"КП «Київпастранс»",(044) 528-30-11,info@kpt.kiev.ua,"м. Київ, вул. Набережно-Рибальська, 16","Наземний громадський транспорт (автобуси, трамваї, тролейбуси).",MunicipalUtility_Transport